Alert Id,Timestamp,Host IP,Remote IP,Host,Host OS,User name,Severity,Incident ID,Alert Source,Action,Category,Alert Name,Description,Alert Type,Alert Arrival Timestamp,Initiated By,Initiator TID,Initiator PID,Initiator path,Initiator CMD,Initiator SHA256,Initiator MD5,Initiator signature,Initiator signer,Event Type,CGO name,CGO CMD,CGO path,CGO SHA256,CGO MD5,CGO signature,CGO signer,CID,Target process name,Target process CMD,Process execution signature,Process execution signer,Target process SHA256,File name,File path,File Macro SHA256,File MD5,File SHA256,Registry data,Registry full key,Local IP,Local Port,Remote Port,Remote Host,App-ID,Excluded,Starred,External Id,Mitre ATT&CK Tactic,Mitre ATT&CK Technique,OS Parent User Name,OS Parent Name,OS Parent CMD,OS Parent Signature,OS Parent Signer,OS Parent SHA256,OS Parent PID,OS Parent TID,Agent OS Sub Type,Source Zone Name,Destination Zone Name,FW Rule Name,FW Name,Rule ID,Indicator,FW Serial Number,URL,Email Subject,Email Sender,Email Recipient,App Subcategory,App Category,App Technology,NGFW Vsys Name,FW Rule ID,Misc,Host Mac Address,XFF,Domain,Host FQDN,Module,Is Phishing,DNS Query Name,Contains Featured Host,Contains Featured User,Contains Featured IP Address,Cluster Name,Image Name,Image ID,Container Name,Container ID,Namespace,Cloud Referenced Resource,Cloud Operation Type,Cloud Identity Type,Cloud Identity Sub-type,Cloud Project,Cloud Provider,Cloud Resource Type,Cloud Resource Sub-type,User Agent,Remote Agent Hostname,Resolution Status,Resolution Comment,Forensics Artifact Type,Prisma Attack Techniques,Prisma Audit IDs,Attack Surface Rule ID,Tags,Original Tags,Host IPv6,Local IPv6,Remote IPv6,Phone Number,Malicious URLs,Cloud Provider Account ID,Cloud Labels,Resource Name,Region,Account Name,Cloud Account Owners,API Name,Last Modified By,Last Modified On,Prisma Cloud Reason,Policy Recommendation,Cloud Account Groups,Cloud Service Name,Cidr Range,Database Name,Prisma Cloud Status,Policy Type,Policy Remediable,Source Instance,Last Seen,Ingestion Failure Duration,Vendor,Product,Device ID,Collector Type,Collector Name,Reporting Device IP,Reporting Device Name,Final Reporting Device IP,Final Reporting Device Name,XDR Collector Name,XDR Collector IP,XDR Collector ID,Broker VM Name,Broker VM ID,Broker VM IP,Added in Content Version
11590378,Mar 14th 2025 10:03:02,172.16.91.89,66.23.234.228,SM2HONB04R34MBK,Windows,AAB\MBK,Low,,XDR Analytics BIOC,Detected,Command and Control,Abnormal Communication to a Rare Domain to a Suspicious Autonomous System (AS),The host SM2HONB04R34MBK was seen communicating to the external entity doublesixrooftop.com. Communication between these entities was seen 0 times. This external entity is rare in the organization as only 0 hosts within the organization accessed it. This external entity is also rare globally. This external entity was accessed using 0 distinct ports. Based on our machine learning models, this connection was flagged as suspicious,Unclassified,Mar 14th 2025 10:08:22,chrome.exe,15804,14944,C:\Program Files\Google\Chrome\Application\chrome.exe,"C:\Program Files\Google\Chrome\Application\chrome.exe"" --type=utility --utility-sub-type=network.mojom.NetworkService --lang=en-US --service-sandbox-type=none --no-pre-read-main-dll --field-trial-handle=2528, i, 5375953267108929462, 6926806689452662582, 262144 --variations-seed-version=20250307-130002.704000 --mojo-platform-channel-handle=2748 /prefetch:11",cda72cb0a2ab4e13718035d94a71b17d3379081b3e437d26b9aeddcb0662bdac,e81f54e6c1129887aea47e7d092680bf,Signed,Google LLC,Network Connections,chrome.exe,"C:\Program Files\Google\Chrome\Application\chrome.exe"" --flag-switches-begin --flag-switches-end",C:\Program Files\Google\Chrome\Application\chrome.exe,cda72cb0a2ab4e13718035d94a71b17d3379081b3e437d26b9aeddcb0662bdac,e81f54e6c1129887aea47e7d092680bf,Signed,Google LLC,AduRh0aW44MAABnQAAAAAA==,,,N/A,,,,,,,,,,172.16.91.89,63733,443,doublesixrooftop.com,ip, tcp, ssl, ssl,No,No,32ef4e63-64c3-4f81-aa37-a098a8523cea,TA0011 - Command and Control,T1095 - Non-Application Layer Protocol,,chrome.exe,"C:\Program Files\Google\Chrome\Application\chrome.exe"" --type=utility --utility-sub-type=network.mojom.NetworkService --lang=en-US --service-sandbox-type=none --no-pre-read-main-dll --field-trial-handle=2528, i, 5375953267108929462, 6926806689452662582, 262144 --variations-seed-version=20250307-130002.704000 --mojo-platform-channel-handle=2748 /prefetch:11",Signed,Google LLC,cda72cb0a2ab4e13718035d94a71b17d3379081b3e437d26b9aeddcb0662bdac,14944,15804,Windows 11 [10.0 (Build 22631)],,,,,c2da63d1-6900-493d-be7d-7bb50011ea27,,,,,,,,,,,,,,,,,,N/A,,No,No,No,,,,,,,,,,,,,,,,,New,,,,,,DT:NDR C2 Detection, EG:Non-IT Windows Workstation Group, DS:PANW/XDR Agent, EG:Windows Workstation,EG:Non-IT Windows Workstation Group, DS:PANW/XDR Agent, EG:Windows Workstation, DT:NDR C2 Detection,,,,,,,,,,,,,,,,,,,,,,,,,,,PANW,Fusion,,,,
11590364,Mar 14th 2025 10:01:03,172.16.86.118,203.175.8.63,SM2HONB06O15RIV,Windows,AAB\RIV,Low,,XDR Analytics BIOC,Detected,Command and Control,Abnormal Communication to a Rare Domain to a Suspicious Autonomous System (AS),The host SM2HONB06O15RIV was seen communicating to the external entity attila.id. Communication between these entities was seen 0 times. This external entity is rare in the organization as only 0 hosts within the organization accessed it. This external entity is also rare globally. This external entity was accessed using 1 distinct ports. Based on our machine learning models, this connection was flagged as suspicious,Unclassified,Mar 14th 2025 10:07:17,chrome.exe,17796,17740,C:\Program Files\Google\Chrome\Application\chrome.exe,"C:\Program Files\Google\Chrome\Application\chrome.exe"" --type=utility --utility-sub-type=network.mojom.NetworkService --lang=en-US --service-sandbox-type=none --no-pre-read-main-dll --field-trial-handle=2584, i, 8995189791559502052, 8515409098377336443, 262144 --variations-seed-version=20250313-050105.095000 --mojo-platform-channel-handle=2832 /prefetch:11",d97a27af4e98fba6d0cc2a85144c7fa51437bc2624ff07e6db4f3fcdca1cfa54,dbe43c1d0092437b88cff7bd9abc336c,Signed,Google LLC,Network Connections,chrome.exe,C:\Program Files\Google\Chrome\Application\chrome.exe,C:\Program Files\Google\Chrome\Application\chrome.exe,d97a27af4e98fba6d0cc2a85144c7fa51437bc2624ff07e6db4f3fcdca1cfa54,dbe43c1d0092437b88cff7bd9abc336c,Signed,Google LLC,AduUhlUh2oYAABbwAAAAAA==,,,N/A,,,,,,,,,,172.16.86.118,57707,443,attila.id,ip, udp,No,No,4d9427e1-38aa-4ac9-a748-552dc6933589,TA0011 - Command and Control,T1095 - Non-Application Layer Protocol,,chrome.exe,"C:\Program Files\Google\Chrome\Application\chrome.exe"" --type=utility --utility-sub-type=network.mojom.NetworkService --lang=en-US --service-sandbox-type=none --no-pre-read-main-dll --field-trial-handle=2584, i, 8995189791559502052, 8515409098377336443, 262144 --variations-seed-version=20250313-050105.095000 --mojo-platform-channel-handle=2832 /prefetch:11",Signed,Google LLC,d97a27af4e98fba6d0cc2a85144c7fa51437bc2624ff07e6db4f3fcdca1cfa54,17740,17796,Windows 11 [10.0 (Build 22631)],,,,,c2da63d1-6900-493d-be7d-7bb50011ea27,,,,,,,,,,,,,,,,,,N/A,,No,No,No,,,,,,,,,,,,,,,,,New,,,,,,DT:NDR C2 Detection, EG:Non-IT Windows Workstation Group, DS:PANW/XDR Agent, EG:Windows Workstation,EG:Non-IT Windows Workstation Group, DS:PANW/XDR Agent, EG:Windows Workstation, DT:NDR C2 Detection,,,,,,,,,,,,,,,,,,,,,,,,,,,PANW,Fusion,,,,,,
11590347,Mar 14th 2025 10:00:05,172.16.81.137,109.106.253.39,SM2HONB01D19MLB,Windows,AAB\MLB,Low,,XDR Analytics BIOC,Detected,Command and Control,Abnormal Communication to a Rare Domain to a Suspicious Autonomous System (AS),The host SM2HONB01D19MLB was seen communicating to the external entity properteeone.com. Communication between these entities was seen 0 times. This external entity is rare in the organization as only 0 hosts within the organization accessed it. This external entity is also rare globally. This external entity was accessed using 0 distinct ports. Based on our machine learning models, this connection was flagged as suspicious,Unclassified,Mar 14th 2025 10:06:24,chrome.exe,29328,15940,C:\Program Files\Google\Chrome\Application\chrome.exe,"C:\Program Files\Google\Chrome\Application\chrome.exe"" --type=utility --utility-sub-type=network.mojom.NetworkService --lang=id --service-sandbox-type=none --no-pre-read-main-dll --field-trial-handle=2928, i, 18395188481416621834, 12300812318996440798, 262144 --variations-seed-version=20250311-180150.120000 --mojo-platform-channel-handle=3164 /prefetch:11",d97a27af4e98fba6d0cc2a85144c7fa51437bc2624ff07e6db4f3fcdca1cfa54,dbe43c1d0092437b88cff7bd9abc336c,Signed,Google LLC,Network Connections,chrome.exe,C:\Program Files\Google\Chrome\Application\chrome.exe,C:\Program Files\Google\Chrome\Application\chrome.exe,d97a27af4e98fba6d0cc2a85144c7fa51437bc2624ff07e6db4f3fcdca1cfa54,dbe43c1d0092437b88cff7bd9abc336c,Signed,Google LLC,AduUfT+FwrEAAExoAAAAAA==,,,N/A,,,,,,,,,,172.16.81.137,49397,443,properteeone.com,ip, udp,No,No,6b290330-c662-431d-81bb-237bf6679035,TA0011 - Command and Control,T1095 - Non-Application Layer Protocol,,chrome.exe,"C:\Program Files\Google\Chrome\Application\chrome.exe"" --type=utility --utility-sub-type=network.mojom.NetworkService --lang=id --service-sandbox-type=none --no-pre-read-main-dll --field-trial-handle=2928, i, 18395188481416621834, 12300812318996440798, 262144 --variations-seed-version=20250311-180150.120000 --mojo-platform-channel-handle=3164 /prefetch:11",Signed,Google LLC,d97a27af4e98fba6d0cc2a85144c7fa51437bc2624ff07e6db4f3fcdca1cfa54,15940,29328,Windows 11 [10.0 (Build 22631)],,,,,c2da63d1-6900-493d-be7d-7bb50011ea27,,,,,,,,,,,,,,,,,,N/A,,No,No,No,,,,,,,,,,,,,,,,,New,,,,,,DT:NDR C2 Detection, EG:Non-IT Windows Workstation Group, DS:PANW/XDR Agent, EG:Windows Workstation,EG:Non-IT Windows Workstation Group, DS:PANW/XDR Agent, EG:Windows Workstation, DT:NDR C2 Detection,,,,,,,,,,,,,,,,,,,,,,,,,,,PANW,Fusion,,,,,,
11590140,Mar 14th 2025 09:54:01,172.16.88.32,103.163.138.88,SM2HONB08H14MOV,Windows,AAB\MOV,Low,,XDR Analytics BIOC,Detected,Command and Control,Abnormal Communication to a Rare Domain to a Suspicious Autonomous System (AS),The host SM2HONB08H14MOV was seen communicating to the external entity www.awankesehatan.com. Communication between these entities was seen 0 times. This external entity is rare in the organization as only 1 hosts within the organization accessed it. This external entity is also rare globally. This external entity was accessed using 1 distinct ports. Based on our machine learning models, this connection was flagged as suspicious,Unclassified,Mar 14th 2025 09:57:42,chrome.exe,10068,19120,C:\Program Files\Google\Chrome\Application\chrome.exe,"C:\Program Files\Google\Chrome\Application\chrome.exe"" --type=utility --utility-sub-type=network.mojom.NetworkService --lang=en-US --service-sandbox-type=none --no-pre-read-main-dll --field-trial-handle=3188, i, 5118525849232905407, 18092530265939197346, 262144 --variations-seed-version=20250313-050105.095000 --mojo-platform-channel-handle=3264 /prefetch:3",d97a27af4e98fba6d0cc2a85144c7fa51437bc2624ff07e6db4f3fcdca1cfa54,dbe43c1d0092437b88cff7bd9abc336c,Signed,Google LLC,Network Connections,chrome.exe,C:\Program Files\Google\Chrome\Application\chrome.exe,C:\Program Files\Google\Chrome\Application\chrome.exe,d97a27af4e98fba6d0cc2a85144c7fa51437bc2624ff07e6db4f3fcdca1cfa54,dbe43c1d0092437b88cff7bd9abc336c,Signed,Google LLC,AduUc0I/iikAAD94AAAAAA==,,,N/A,,,,,,,,,,172.16.88.32,59461,443,www.awankesehatan.com,ip, tcp, ssl, ssl,No,No,efc60a12-2e0b-43de-b2af-dae0066e06f1,TA0011 - Command and Control,T1095 - Non-Application Layer Protocol,,chrome.exe,"C:\Program Files\Google\Chrome\Application\chrome.exe"" --type=utility --utility-sub-type=network.mojom.NetworkService --lang=en-US --service-sandbox-type=none --no-pre-read-main-dll --field-trial-handle=3188, i, 5118525849232905407, 18092530265939197346, 262144 --variations-seed-version=20250313-050105.095000 --mojo-platform-channel-handle=3264 /prefetch:3",Signed,Google LLC,d97a27af4e98fba6d0cc2a85144c7fa51437bc2624ff07e6db4f3fcdca1cfa54,19120,10068,Windows 10 [10.0 (Build 19045)],,,,,c2da63d1-6900-493d-be7d-7bb50011ea27,,,,,,,,,,,,,,,,,,N/A,,No,No,No,,,,,,,,,,,,,,,,,New,,,,,,DT:NDR C2 Detection, EG:Non-IT Windows Workstation Group, DS:PANW/XDR Agent, EG:Windows Workstation,EG:Non-IT Windows Workstation Group, DS:PANW/XDR Agent, EG:Windows Workstation, DT:NDR C2 Detection,,,,,,,,,,,,,,,,,,,,,,,,,,,PANW,Fusion,,,,
11590115,Mar 14th 2025 09:52:26,172.16.82.21,153.92.12.25,SM2HONB02C11FDN,Windows,AAB\FDN,Low,,XDR Analytics BIOC,Detected,Command and Control,Abnormal Communication to a Rare Domain to a Suspicious Autonomous System (AS),The host SM2HONB02C11FDN was seen communicating to the external entity lippomallkemang.com. Communication between these entities was seen 0 times. This external entity is rare in the organization as only 1 hosts within the organization accessed it. This external entity is also rare globally. This external entity was accessed using 1 distinct ports. Based on our machine learning models, this connection was flagged as suspicious,Unclassified,Mar 14th 2025 09:56:19,chrome.exe,3768,11888,C:\Program Files\Google\Chrome\Application\chrome.exe,"C:\Program Files\Google\Chrome\Application\chrome.exe"" --type=utility --utility-sub-type=network.mojom.NetworkService --lang=en-US --service-sandbox-type=none --no-pre-read-main-dll --field-trial-handle=2636, i, 12084831334520588886, 17810075796451682358, 262144 --variations-seed-version=20250313-050105.095000 --mojo-platform-channel-handle=2792 /prefetch:3",d97a27af4e98fba6d0cc2a85144c7fa51437bc2624ff07e6db4f3fcdca1cfa54,dbe43c1d0092437b88cff7bd9abc336c,Signed,Google LLC,Network Connections,chrome.exe,C:\Program Files\Google\Chrome\Application\chrome.exe,C:\Program Files\Google\Chrome\Application\chrome.exe,d97a27af4e98fba6d0cc2a85144c7fa51437bc2624ff07e6db4f3fcdca1cfa54,dbe43c1d0092437b88cff7bd9abc336c,Signed,Google LLC,AduUgPzqkXMAABkYAAAAAA==,,,N/A,,,,,,,,,,172.16.82.21,50889,443,lippomallkemang.com,ip, tcp, ssl, ssl,No,No,ddfb358d-43b0-4775-abb4-9ebaab5c18db,TA0011 - Command and Control,T1095 - Non-Application Layer Protocol,,chrome.exe,"C:\Program Files\Google\Chrome\Application\chrome.exe"" --type=utility --utility-sub-type=network.mojom.NetworkService --lang=en-US --service-sandbox-type=none --no-pre-read-main-dll --field-trial-handle=2636, i, 12084831334520588886, 17810075796451682358, 262144 --variations-seed-version=20250313-050105.095000 --mojo-platform-channel-handle=2792 /prefetch:3",Signed,Google LLC,d97a27af4e98fba6d0cc2a85144c7fa51437bc2624ff07e6db4f3fcdca1cfa54,11888,3768,Windows 10 [10.0 (Build 19045)],,,,,c2da63d1-6900-493d-be7d-7bb50011ea27,,,,,,,,,,,,,,,,,,N/A,,No,No,No,,,,,,,,,,,,,,,,,New,,,,,,DT:NDR C2 Detection, EG:Non-IT Windows Workstation Group, DS:PANW/XDR Agent, EG:Windows Workstation,EG:Non-IT Windows Workstation Group, DS:PANW/XDR Agent, EG:Windows Workstation, DT:NDR C2 Detection,,,,,,,,,,,,,,,,,,,,,,,,,,,PANW,Fusion,,,,
11590079,Mar 14th 2025 09:51:25,172.16.86.24,103.253.212.218,SM3HONB06O13UDN,Windows,AAB\UDN,Low,,XDR Analytics BIOC,Detected,Command and Control,Abnormal Communication to a Rare Domain to a Suspicious Autonomous System (AS),The host SM3HONB06O13UDN was seen communicating to the external entity legacy.cpf1.co.id. Communication between these entities was seen 28 times. This external entity is rare in the organization as only 0 hosts within the organization accessed it. This external entity is also rare globally. This external entity was accessed using 1 distinct ports. Based on our machine learning models, this connection was flagged as suspicious,Unclassified,Mar 14th 2025 09:55:13,chrome.exe,14448,3540,C:\Program Files\Google\Chrome\Application\chrome.exe,"C:\Program Files\Google\Chrome\Application\chrome.exe"" --type=utility --utility-sub-type=network.mojom.NetworkService --lang=en-US --service-sandbox-type=none --no-pre-read-main-dll --field-trial-handle=2584, i, 236730766921111613, 4983901614605255622, 262144 --variations-seed-version=20250313-050105.095000 --mojo-platform-channel-handle=2848 /prefetch:11",d97a27af4e98fba6d0cc2a85144c7fa51437bc2624ff07e6db4f3fcdca1cfa54,dbe43c1d0092437b88cff7bd9abc336c,Signed,Google LLC,Network Connections,chrome.exe,C:\Program Files\Google\Chrome\Application\chrome.exe,C:\Program Files\Google\Chrome\Application\chrome.exe,d97a27af4e98fba6d0cc2a85144c7fa51437bc2624ff07e6db4f3fcdca1cfa54,dbe43c1d0092437b88cff7bd9abc336c,Signed,Google LLC,AduUf4Jn+v0AAB1sAAAAAA==,,,N/A,,,,,,,,,,172.16.86.24,50165,443,legacy.cpf1.co.id,ip, tcp, ssl, ssl,No,No,d5b6aed1-1553-4597-8757-5639a92467f8,TA0011 - Command and Control,T1095 - Non-Application Layer Protocol,,chrome.exe,"C:\Program Files\Google\Chrome\Application\chrome.exe"" --type=utility --utility-sub-type=network.mojom.NetworkService --lang=en-US --service-sandbox-type=none --no-pre-read-main-dll --field-trial-handle=2584, i, 236730766921111613, 4983901614605255622, 262144 --variations-seed-version=20250313-050105.095000 --mojo-platform-channel-handle=2848 /prefetch:11",Signed,Google LLC,d97a27af4e98fba6d0cc2a85144c7fa51437bc2624ff07e6db4f3fcdca1cfa54,3540,14448,Windows 11 [10.0 (Build 22631)],,,,,c2da63d1-6900-493d-be7d-7bb50011ea27,,,,,,,,,,,,,,,,,,N/A,,No,No,No,,,,,,,,,,,,,,,,,New,,,,,,DT:NDR C2 Detection, EG:Non-IT Windows Workstation Group, DS:PANW/XDR Agent, EG:Windows Workstation,EG:Non-IT Windows Workstation Group, DS:PANW/XDR Agent, EG:Windows Workstation, DT:NDR C2 Detection,,,,,,,,,,,,,,,,,,,,,,,,,,,PANW,Fusion,,,,
11590019,Mar 14th 2025 09:47:20,172.16.85.121,194.233.93.166,SM3HONB05T23HEF,Windows,AAB\HEF,Low,,XDR Analytics BIOC,Detected,Command and Control,Abnormal Communication to a Rare Domain to a Suspicious Autonomous System (AS),The host SM3HONB05T23HEF was seen communicating to the external entity dharmeinhotel.com. Communication between these entities was seen 0 times. This external entity is rare in the organization as only 2 hosts within the organization accessed it. This external entity is also rare globally. This external entity was accessed using 1 distinct ports. Based on our machine learning models, this connection was flagged as suspicious,Unclassified,Mar 14th 2025 09:52:15,chrome.exe,30784,27040,C:\Program Files\Google\Chrome\Application\chrome.exe,"C:\Program Files\Google\Chrome\Application\chrome.exe"" --type=utility --utility-sub-type=network.mojom.NetworkService --lang=en-US --service-sandbox-type=none --string-annotations --field-trial-handle=2792, i, 7687573475259734787, 11169032876100493462, 262144 --variations-seed-version=20250228-151446.092000 --mojo-platform-channel-handle=2804 /prefetch:11",8c36ff76a953c3f548cf2d118de288cc62c7a6719be6dba51699874b0d540640,68b01c0b7cd23ad7d181b889bb40c098,Signed,Google LLC,Network Connections,chrome.exe,"C:\Program Files\Google\Chrome\Application\chrome.exe"" --restart",C:\Program Files\Google\Chrome\Application\chrome.exe,8c36ff76a953c3f548cf2d118de288cc62c7a6719be6dba51699874b0d540640,68b01c0b7cd23ad7d181b889bb40c098,Signed,Google LLC,AduLJt5tcqIAAICQAAAAAA==,,,N/A,,,,,,,,,,172.16.85.121,62669,443,dharmeinhotel.com,ip, tcp, ssl, ssl,No,No,44185a62-e004-4566-8a0f-9f3b1cea86ea,TA0011 - Command and Control,T1095 - Non-Application Layer Protocol,,chrome.exe,"C:\Program Files\Google\Chrome\Application\chrome.exe"" --type=utility --utility-sub-type=network.mojom.NetworkService --lang=en-US --service-sandbox-type=none --string-annotations --field-trial-handle=2792, i, 7687573475259734787, 11169032876100493462, 262144 --variations-seed-version=20250228-151446.092000 --mojo-platform-channel-handle=2804 /prefetch:11",Signed,Google LLC,8c36ff76a953c3f548cf2d118de288cc62c7a6719be6dba51699874b0d540640,27040,30784,Windows 11 [10.0 (Build 22631)],,,,,c2da63d1-6900-493d-be7d-7bb50011ea27,,,,,,,,,,,,,,,,,,N/A,,No,No,No,,,,,,,,,,,,,,,,,New,,,,,,DT:NDR C2 Detection, EG:Non-IT Windows Workstation Group, DS:PANW/XDR Agent, EG:Windows Workstation,EG:Non-IT Windows Workstation Group, DS:PANW/XDR Agent, EG:Windows Workstation, DT:NDR C2 Detection,,,,,,,,,,,,,,,,,,,,,,,,,,,PANW,Fusion,,,,
11589730,Mar 14th 2025 09:36:26,10.242.34.147, 192.168.43.71,192.250.235.18,SM2HONB02C71AUS,Windows,AAB\AUS,Low,,XDR Analytics BIOC,Detected,Command and Control,Abnormal Communication to a Rare Domain to a Suspicious Autonomous System (AS),The host SM2HONB02C71AUS was seen communicating to the external entity www.globalelektronik.com. Communication between these entities was seen 0 times. This external entity is rare in the organization as only 0 hosts within the organization accessed it. This external entity is also rare globally. This external entity was accessed using 0 distinct ports. Based on our machine learning models, this connection was flagged as suspicious,Unclassified,Mar 14th 2025 09:39:36,chrome.exe,5328,17760,C:\Program Files\Google\Chrome\Application\chrome.exe,"C:\Program Files\Google\Chrome\Application\chrome.exe"" --type=utility --utility-sub-type=network.mojom.NetworkService --lang=en-US --service-sandbox-type=none --no-pre-read-main-dll --field-trial-handle=2780, i, 14162777920395263441, 10231568172510526621, 262144 --variations-seed-version=20250313-050105.095000 --mojo-platform-channel-handle=2908 /prefetch:3",d97a27af4e98fba6d0cc2a85144c7fa51437bc2624ff07e6db4f3fcdca1cfa54,dbe43c1d0092437b88cff7bd9abc336c,Signed,Google LLC,Network Connections,chrome.exe,C:\Program Files\Google\Chrome\Application\chrome.exe,C:\Program Files\Google\Chrome\Application\chrome.exe,d97a27af4e98fba6d0cc2a85144c7fa51437bc2624ff07e6db4f3fcdca1cfa54,dbe43c1d0092437b88cff7bd9abc336c,Signed,Google LLC,AduUe6D01LUAAAY4AAAAAA==,,,N/A,,,,,,,,,,192.168.43.71,53348,443,www.globalelektronik.com,ip, tcp, ssl, ssl,No,No,0516c2e5-edaf-4aad-8604-93c63d0c30d3,TA0011 - Command and Control,T1095 - Non-Application Layer Protocol,,chrome.exe,"C:\Program Files\Google\Chrome\Application\chrome.exe"" --type=utility --utility-sub-type=network.mojom.NetworkService --lang=en-US --service-sandbox-type=none --no-pre-read-main-dll --field-trial-handle=2780, i, 14162777920395263441, 10231568172510526621, 262144 --variations-seed-version=20250313-050105.095000 --mojo-platform-channel-handle=2908 /prefetch:3",Signed,Google LLC,d97a27af4e98fba6d0cc2a85144c7fa51437bc2624ff07e6db4f3fcdca1cfa54,17760,5328,Windows 10 [10.0 (Build 19045)],,,,,c2da63d1-6900-493d-be7d-7bb50011ea27,,,,,,,,,,,,,,,,,,N/A,,No,No,No,,,,,,,,,,,,,,,,,New,,,,,,DT:NDR C2 Detection, EG:Non-IT Windows Workstation Group, DS:PANW/XDR Agent, EG:Windows Workstation,EG:Non-IT Windows Workstation Group, DS:PANW/XDR Agent, EG:Windows Workstation, DT:NDR C2 Detection,,,,,,,,,,,,,,,,,,,,,,,,,,,PANW,Fusion,,,
11589712,Mar 14th 2025 09:34:23,172.16.77.106,172.96.191.91,SM2HONB04R34SRT,Windows,AAB\SRT,Low,,XDR Analytics BIOC,Detected,Command and Control,Abnormal Communication to a Rare Domain to a Suspicious Autonomous System (AS),The host SM2HONB04R34SRT was seen communicating to the external entity www.austratrenddigital.com. Communication between these entities was seen 0 times. This external entity is rare in the organization as only 1 hosts within the organization accessed it. This external entity is also rare globally. This external entity was accessed using 0 distinct ports. Based on our machine learning models, this connection was flagged as suspicious,Unclassified,Mar 14th 2025 09:38:34,chrome.exe,19172,18700,C:\Program Files\Google\Chrome\Application\chrome.exe,"C:\Program Files\Google\Chrome\Application\chrome.exe"" --type=utility --utility-sub-type=network.mojom.NetworkService --lang=en-US --service-sandbox-type=none --no-pre-read-main-dll --field-trial-handle=2804, i, 13635309821253503922, 10915857759700150794, 262144 --variations-seed-version=20250312-050109.047000 --mojo-platform-channel-handle=3060 /prefetch:3",d97a27af4e98fba6d0cc2a85144c7fa51437bc2624ff07e6db4f3fcdca1cfa54,dbe43c1d0092437b88cff7bd9abc336c,Signed,Google LLC,Network Connections,chrome.exe,C:\Program Files\Google\Chrome\Application\chrome.exe,C:\Program Files\Google\Chrome\Application\chrome.exe,cda72cb0a2ab4e13718035d94a71b17d3379081b3e437d26b9aeddcb0662bdac,e81f54e6c1129887aea47e7d092680bf,Signed,Google LLC,AduTx6JMX/oAAD7YAAAAAA==,,,N/A,,,,,,,,,,172.16.77.106,60454,443,www.austratrenddigital.com,ip, udp,No,No,5789e01b-1c36-4393-878a-9c681f751a63,TA0011 - Command and Control,T1095 - Non-Application Layer Protocol,,chrome.exe,"C:\Program Files\Google\Chrome\Application\chrome.exe"" --type=utility --utility-sub-type=network.mojom.NetworkService --lang=en-US --service-sandbox-type=none --no-pre-read-main-dll --field-trial-handle=2804, i, 13635309821253503922, 10915857759700150794, 262144 --variations-seed-version=20250312-050109.047000 --mojo-platform-channel-handle=3060 /prefetch:3",Signed,Google LLC,d97a27af4e98fba6d0cc2a85144c7fa51437bc2624ff07e6db4f3fcdca1cfa54,18700,19172,Windows 10 [10.0 (Build 19045)],,,,,c2da63d1-6900-493d-be7d-7bb50011ea27,,,,,,,,,,,,,,,,,,N/A,,No,No,No,,,,,,,,,,,,,,,,,New,,,,,,DT:NDR C2 Detection, EG:Non-IT Windows Workstation Group, DS:PANW/XDR Agent, EG:Windows Workstation,EG:Non-IT Windows Workstation Group, DS:PANW/XDR Agent, EG:Windows Workstation, DT:NDR C2 Detection,,,,,,,,,,,,,,,,,,,,,,,,,,,PANW,Fusion,,,,,,
11589664,Mar 14th 2025 09:30:13,172.16.89.90,91.108.119.23,SM3HONB03T32FZL,Windows,AAB\FZL,Low,,XDR Analytics BIOC,Detected,Command and Control,Abnormal Communication to a Rare Domain to a Suspicious Autonomous System (AS),The host SM3HONB03T32FZL was seen communicating to the external entity sentosa-startech.com. Communication between these entities was seen 0 times. This external entity is rare in the organization as only 0 hosts within the organization accessed it. This external entity is also rare globally. This external entity was accessed using 1 distinct ports. Based on our machine learning models, this connection was flagged as suspicious,Unclassified,Mar 14th 2025 09:36:16,chrome.exe,16808,21060,C:\Program Files\Google\Chrome\Application\chrome.exe,"C:\Program Files\Google\Chrome\Application\chrome.exe"" --type=utility --utility-sub-type=network.mojom.NetworkService --lang=en-US --service-sandbox-type=none --no-pre-read-main-dll --field-trial-handle=2300, i, 393845408344931251, 18084624171814729097, 262144 --variations-seed-version=20250312-184628.452000 --mojo-platform-channel-handle=2540 /prefetch:11",d97a27af4e98fba6d0cc2a85144c7fa51437bc2624ff07e6db4f3fcdca1cfa54,dbe43c1d0092437b88cff7bd9abc336c,Signed,Google LLC,Network Connections,chrome.exe,C:\Program Files\Google\Chrome\Application\chrome.exe,C:\Program Files\Google\Chrome\Application\chrome.exe,d97a27af4e98fba6d0cc2a85144c7fa51437bc2624ff07e6db4f3fcdca1cfa54,dbe43c1d0092437b88cff7bd9abc336c,Signed,Google LLC,AduUd2DXy6IAAEv8AAAAAA==,,,N/A,,,,,,,,,,172.16.89.90,64321,443,sentosa-startech.com,ip, tcp, ssl, ssl,No,No,bf5fa9b3-520a-4732-a8a5-d2f455967a5d,TA0011 - Command and Control,T1095 - Non-Application Layer Protocol,,chrome.exe,"C:\Program Files\Google\Chrome\Application\chrome.exe"" --type=utility --utility-sub-type=network.mojom.NetworkService --lang=en-US --service-sandbox-type=none --no-pre-read-main-dll --field-trial-handle=2300, i, 393845408344931251, 18084624171814729097, 262144 --variations-seed-version=20250312-184628.452000 --mojo-platform-channel-handle=2540 /prefetch:11",Signed,Google LLC,d97a27af4e98fba6d0cc2a85144c7fa51437bc2624ff07e6db4f3fcdca1cfa54,21060,16808,Windows 11 [10.0 (Build 22631)],,,,,c2da63d1-6900-493d-be7d-7bb50011ea27,,,,,,,,,,,,,,,,,,N/A,,No,No,No,,,,,,,,,,,,,,,,,New,,,,,,DT:NDR C2 Detection, EG:Non-IT Windows Workstation Group, DS:PANW/XDR Agent, EG:Windows Workstation,EG:Non-IT Windows Workstation Group, DS:PANW/XDR Agent, EG:Windows Workstation, DT:NDR C2 Detection,,,,,,,,,,,,,,,,,,,,,,,,,,,PANW,Fusion,,,,
11589519,Mar 14th 2025 09:24:09,172.16.88.26,23.106.253.46,BS2HONB08H14SHA,Windows,AAB\SHA,Low,,XDR Analytics BIOC,Detected,Command and Control,Abnormal Communication to a Rare Domain to a Suspicious Autonomous System (AS),The host BS2HONB08H14SHA was seen communicating to the external entity www.dealertoyotajakarta.net. Communication between these entities was seen 0 times. This external entity is rare in the organization as only 0 hosts within the organization accessed it. This external entity is also rare globally. This external entity was accessed using 0 distinct ports. Based on our machine learning models, this connection was flagged as suspicious,Unclassified,Mar 14th 2025 09:30:58,chrome.exe,18296,17684,C:\Program Files\Google\Chrome\Application\chrome.exe,"C:\Program Files\Google\Chrome\Application\chrome.exe"" --type=utility --utility-sub-type=network.mojom.NetworkService --lang=en-US --service-sandbox-type=none --no-pre-read-main-dll --field-trial-handle=2800, i, 9895655165693770665, 7726255632911290773, 262144 --variations-seed-version=20250312-184628.452000 --mojo-platform-channel-handle=2984 /prefetch:11",d97a27af4e98fba6d0cc2a85144c7fa51437bc2624ff07e6db4f3fcdca1cfa54,dbe43c1d0092437b88cff7bd9abc336c,Signed,Google LLC,Network Connections,chrome.exe,C:\Program Files\Google\Chrome\Application\chrome.exe,C:\Program Files\Google\Chrome\Application\chrome.exe,d97a27af4e98fba6d0cc2a85144c7fa51437bc2624ff07e6db4f3fcdca1cfa54,dbe43c1d0092437b88cff7bd9abc336c,Signed,Google LLC,AduUhmogIA8AADxIAAAAAA==,,,N/A,,,,,,,,,,172.16.88.26,58383,443,www.dealertoyotajakarta.net,ip, tcp, ssl, ssl,No,No,120b7dbb-fd2d-4b4f-a603-e8f24a882c15,TA0011 - Command and Control,T1095 - Non-Application Layer Protocol,,chrome.exe,"C:\Program Files\Google\Chrome\Application\chrome.exe"" --type=utility --utility-sub-type=network.mojom.NetworkService --lang=en-US --service-sandbox-type=none --no-pre-read-main-dll --field-trial-handle=2800, i, 9895655165693770665, 7726255632911290773, 262144 --variations-seed-version=20250312-184628.452000 --mojo-platform-channel-handle=2984 /prefetch:11",Signed,Google LLC,d97a27af4e98fba6d0cc2a85144c7fa51437bc2624ff07e6db4f3fcdca1cfa54,17684,18296,Windows 11 [10.0 (Build 22631)],,,,,c2da63d1-6900-493d-be7d-7bb50011ea27,,,,,,,,,,,,,,,,,,N/A,,No,No,No,,,,,,,,,,,,,,,,,New,,,,,,DT:NDR C2 Detection, EG:Non-IT Windows Workstation Group, DS:PANW/XDR Agent, EG:Windows Workstation,EG:Non-IT Windows Workstation Group, DS:PANW/XDR Agent, EG:Windows Workstation, DT:NDR C2 Detection,,,,,,,,,,,,,,,,,,,,,,,,,,,PANW,Fusion,,,,
11589390,Mar 14th 2025 09:19:53,172.16.131.43,46.202.186.118,BS2MDNNBD14LJA,Windows,AAB\LJA,Low,,XDR Analytics BIOC,Detected,Command and Control,Abnormal Communication to a Rare Domain to a Suspicious Autonomous System (AS),The host BS2MDNNBD14LJA was seen communicating to the external entity www.digtara.com. Communication between these entities was seen 0 times. This external entity is rare in the organization as only 0 hosts within the organization accessed it. This external entity is also rare globally. This external entity was accessed using 0 distinct ports. Based on our machine learning models, this connection was flagged as suspicious,Unclassified,Mar 14th 2025 09:26:25,chrome.exe,10336,6188,C:\Program Files\Google\Chrome\Application\chrome.exe,"C:\Program Files\Google\Chrome\Application\chrome.exe"" --type=utility --utility-sub-type=network.mojom.NetworkService --lang=en-US --service-sandbox-type=none --no-pre-read-main-dll --field-trial-handle=2500, i, 3156941394202071830, 12973507609361091499, 262144 --variations-seed-version=20250312-184628.452000 --mojo-platform-channel-handle=2852 /prefetch:11",d97a27af4e98fba6d0cc2a85144c7fa51437bc2624ff07e6db4f3fcdca1cfa54,dbe43c1d0092437b88cff7bd9abc336c,Signed,Google LLC,Network Connections,chrome_proxy.exe,"C:\Program Files\Google\Chrome\Application\chrome_proxy.exe""  --profile-directory=""Profile 1"" --app-id=pkooggnaalmfkidjmlhoelhdllpphaga",C:\Program Files\Google\Chrome\Application\chrome_proxy.exe,233398b57afeadbccca093d76f01c71a7fa4c5f6a28d9f0af835150692423694,7b75036391b872b8acf4074fa909164a,Signed,Google LLC,AduT/IjdHIYAAD/wAAAAAA==,,,N/A,,,,,,,,,,172.16.131.43,59798,443,www.digtara.com,ip, tcp, ssl, ssl,No,No,b2e5676e-e155-412f-a73c-117dc23416bd,TA0011 - Command and Control,T1095 - Non-Application Layer Protocol,,chrome.exe,"C:\Program Files\Google\Chrome\Application\chrome.exe"" --type=utility --utility-sub-type=network.mojom.NetworkService --lang=en-US --service-sandbox-type=none --no-pre-read-main-dll --field-trial-handle=2500, i, 3156941394202071830, 12973507609361091499, 262144 --variations-seed-version=20250312-184628.452000 --mojo-platform-channel-handle=2852 /prefetch:11",Signed,Google LLC,d97a27af4e98fba6d0cc2a85144c7fa51437bc2624ff07e6db4f3fcdca1cfa54,6188,10336,Windows 11 [10.0 (Build 22631)],,,,,c2da63d1-6900-493d-be7d-7bb50011ea27,,,,,,,,,,,,,,,,,,N/A,,No,No,No,,,,,,,,,,,,,,,,,New,,,,,,DT:NDR C2 Detection, EG:Non-IT Windows Workstation Group, DS:PANW/XDR Agent, EG:Windows Workstation,EG:Non-IT Windows Workstation Group, DS:PANW/XDR Agent, EG:Windows Workstation, DT:NDR C2 Detection,,,,,,,,,,,,,,,,,,,,,,,,,,,PANW,Fusion,,,,
11589267,Mar 14th 2025 09:17:07,172.16.88.14,202.10.43.28,SM2HONB08H10RGC,Windows,AAB\RGC,Low,,XDR Analytics BIOC,Detected,Command and Control,Abnormal Communication to a Rare Domain to a Suspicious Autonomous System (AS),The host SM2HONB08H10RGC was seen communicating to the external entity www.journal.ainarapress.org. Communication between these entities was seen 0 times. This external entity is rare in the organization as only 0 hosts within the organization accessed it. This external entity is also rare globally. This external entity was accessed using 1 distinct ports. Based on our machine learning models, this connection was flagged as suspicious,Unclassified,Mar 14th 2025 09:23:38,chrome.exe,21688,20088,C:\Program Files\Google\Chrome\Application\chrome.exe,"C:\Program Files\Google\Chrome\Application\chrome.exe"" --type=utility --utility-sub-type=network.mojom.NetworkService --lang=en-US --service-sandbox-type=none --video-capture-use-gpu-memory-buffer --no-pre-read-main-dll --field-trial-handle=2768, i, 322276965408662559, 2325413971728638743, 262144 --variations-seed-version=20250313-050105.095000 --mojo-platform-channel-handle=3016 /prefetch:11",d97a27af4e98fba6d0cc2a85144c7fa51437bc2624ff07e6db4f3fcdca1cfa54,dbe43c1d0092437b88cff7bd9abc336c,Signed,Google LLC,Network Connections,chrome.exe,"C:\Program Files\Google\Chrome\Application\chrome.exe"" --profile-directory=""Profile 2",C:\Program Files\Google\Chrome\Application\chrome.exe,d97a27af4e98fba6d0cc2a85144c7fa51437bc2624ff07e6db4f3fcdca1cfa54,dbe43c1d0092437b88cff7bd9abc336c,Signed,Google LLC,AduUf1TyiN4AAFMAAAAAAA==,,,N/A,,,,,,,,,,172.16.88.14,52925,443,www.journal.ainarapress.org,ip, tcp, ssl, ssl,No,No,69d35ae6-982f-41f1-a101-cbe88687d97f,TA0011 - Command and Control,T1095 - Non-Application Layer Protocol,,chrome.exe,"C:\Program Files\Google\Chrome\Application\chrome.exe"" --type=utility --utility-sub-type=network.mojom.NetworkService --lang=en-US --service-sandbox-type=none --video-capture-use-gpu-memory-buffer --no-pre-read-main-dll --field-trial-handle=2768, i, 322276965408662559, 2325413971728638743, 262144 --variations-seed-version=20250313-050105.095000 --mojo-platform-channel-handle=3016 /prefetch:11",Signed,Google LLC,d97a27af4e98fba6d0cc2a85144c7fa51437bc2624ff07e6db4f3fcdca1cfa54,20088,21688,Windows 11 [10.0 (Build 22631)],,,,,c2da63d1-6900-493d-be7d-7bb50011ea27,,,,,,,,,,,,,,,,,,N/A,,No,No,No,,,,,,,,,,,,,,,,,New,,,,,,DT:NDR C2 Detection, EG:Non-IT Windows Workstation Group, DS:PANW/XDR Agent, EG:Windows Workstation,EG:Non-IT Windows Workstation Group, DS:PANW/XDR Agent, EG:Windows Workstation, DT:NDR C2 Detection,,,,,,,,,,,,,,,,,,,,,,,,,,,PANW,Fusion,,,,
11589128,Mar 14th 2025 09:10:00,172.16.89.110,8.215.79.168,BS2TDNNBR31UTI,Windows,AAB\UTI,Low,,XDR Analytics BIOC,Detected,Command and Control,Abnormal Recurring Communications to a Rare Domain to a Suspicious Autonomous System (AS),The host BS2TDNNBR31UTI was seen communicating to the external entity socket.aaui-ecertification.com. Communication between these entities was seen 1626 times. This external entity is rare in the organization as only 4 hosts within the organization accessed it. This external entity is also rare globally. This external entity was accessed using 1 distinct ports. Based on our machine learning models, this connection was flagged as suspicious,Unclassified,Mar 14th 2025 09:17:12,chrome.exe,10668,17224,C:\Program Files\Google\Chrome\Application\chrome.exe,"C:\Program Files\Google\Chrome\Application\chrome.exe"" --type=utility --utility-sub-type=network.mojom.NetworkService --lang=en-US --service-sandbox-type=none --no-pre-read-main-dll --field-trial-handle=2596, i, 5582248149041278241, 7422604091573908381, 262144 --variations-seed-version=20250311-180150.120000 --mojo-platform-channel-handle=2712 /prefetch:11",d97a27af4e98fba6d0cc2a85144c7fa51437bc2624ff07e6db4f3fcdca1cfa54,dbe43c1d0092437b88cff7bd9abc336c,Signed,Google LLC,Network Connections,chrome.exe,C:\Program Files\Google\Chrome\Application\chrome.exe,C:\Program Files\Google\Chrome\Application\chrome.exe,d97a27af4e98fba6d0cc2a85144c7fa51437bc2624ff07e6db4f3fcdca1cfa54,dbe43c1d0092437b88cff7bd9abc336c,Signed,Google LLC,AduTRYDx1rMAADoUAAAAAA==,,,N/A,,,,,,,,,,172.16.89.110,58996,443,socket.aaui-ecertification.com,ip, tcp, ssl, ssl,No,No,6c338956-e94b-4cee-9257-0d98a8b10e69,TA0011 - Command and Control,T1095 - Non-Application Layer Protocol,,chrome.exe,"C:\Program Files\Google\Chrome\Application\chrome.exe"" --type=utility --utility-sub-type=network.mojom.NetworkService --lang=en-US --service-sandbox-type=none --no-pre-read-main-dll --field-trial-handle=2596, i, 5582248149041278241, 7422604091573908381, 262144 --variations-seed-version=20250311-180150.120000 --mojo-platform-channel-handle=2712 /prefetch:11",Signed,Google LLC,d97a27af4e98fba6d0cc2a85144c7fa51437bc2624ff07e6db4f3fcdca1cfa54,17224,10668,Windows 11 [10.0 (Build 22631)],,,,,c2dbeac4-65ca-4776-a8e0-a04767923820,,,,,,,,,,,,,,,,,,N/A,,No,No,No,,,,,,,,,,,,,,,,,New,,,,,,DT:NDR C2 Detection, EG:Non-IT Windows Workstation Group, DS:PANW/XDR Agent, EG:Windows Workstation,EG:Non-IT Windows Workstation Group, DS:PANW/XDR Agent, EG:Windows Workstation, DT:NDR C2 Detection,,,,,,,,,,,,,,,,,,,,,,,,,,,PANW,Fusion,,,,
11589111,Mar 14th 2025 09:06:50,172.16.88.13,212.107.17.123,BS2HONB08H12CAV,Windows,AAB\CAV,Low,,XDR Analytics BIOC,Detected,Command and Control,Abnormal Communication to a Rare Domain to a Suspicious Autonomous System (AS),The host BS2HONB08H12CAV was seen communicating to the external entity dishub.kukarkab.go.id. Communication between these entities was seen 0 times. This external entity is rare in the organization as only 0 hosts within the organization accessed it. This external entity is also rare globally. This external entity was accessed using 0 distinct ports. Based on our machine learning models, this connection was flagged as suspicious,Unclassified,Mar 14th 2025 09:16:31,msedge.exe,16316,7900,C:\Program Files (x86)\Microsoft\Edge\Application\msedge.exe,"C:\Program Files (x86)\Microsoft\Edge\Application\msedge.exe"" --type=utility --utility-sub-type=network.mojom.NetworkService --lang=en-US --service-sandbox-type=none --string-annotations --always-read-main-dll --field-trial-handle=2356, i, 2455892394628292199, 8472071088599326969, 262144 --variations-seed-version --mojo-platform-channel-handle=3392 /prefetch:11",692d885a9fa2f45b5d98a594068cea5ca1099295600060121e05a8c2a8121339,a9b795c2e379f8926c41aa60fc2c2b1e,Signed,Microsoft Corporation,Network Connections,msedge.exe,"C:\Program Files (x86)\Microsoft\Edge\Application\msedge.exe"" --profile-directory=Default",C:\Program Files (x86)\Microsoft\Edge\Application\msedge.exe,692d885a9fa2f45b5d98a594068cea5ca1099295600060121e05a8c2a8121339,a9b795c2e379f8926c41aa60fc2c2b1e,Signed,Microsoft Corporation,AduUg34xvXcAABi0AAAAAA==,,,N/A,,,,,,,,,,172.16.88.13,49665,443,dishub.kukarkab.go.id,ip, udp,No,No,41709667-d512-4bf1-93a4-b8aac313bfc3,TA0011 - Command and Control,T1095 - Non-Application Layer Protocol,,msedge.exe,"C:\Program Files (x86)\Microsoft\Edge\Application\msedge.exe"" --type=utility --utility-sub-type=network.mojom.NetworkService --lang=en-US --service-sandbox-type=none --string-annotations --always-read-main-dll --field-trial-handle=2356, i, 2455892394628292199, 8472071088599326969, 262144 --variations-seed-version --mojo-platform-channel-handle=3392 /prefetch:11",Signed,Microsoft Corporation,692d885a9fa2f45b5d98a594068cea5ca1099295600060121e05a8c2a8121339,7900,16316,Windows 11 [10.0 (Build 22631)],,,,,c2da63d1-6900-493d-be7d-7bb50011ea27,,,,,,,,,,,,,,,,,,N/A,,No,No,No,,,,,,,,,,,,,,,,,New,,,,,,DT:NDR C2 Detection, EG:Non-IT Windows Workstation Group, DS:PANW/XDR Agent, EG:Windows Workstation,EG:Non-IT Windows Workstation Group, DS:PANW/XDR Agent, EG:Windows Workstation, DT:NDR C2 Detection,,,,,,,,,,,,,,,,,,,,,,,,,,,PANW,Fusion,,,,,,
11588869,Mar 14th 2025 09:02:42,172.16.77.112,103.185.53.118,SM3HONB02C70CJO,Windows,AAB\CJO,Low,,XDR Analytics BIOC,Detected,Command and Control,Abnormal Communication to a Rare Domain to a Suspicious Autonomous System (AS),The host SM3HONB02C70CJO was seen communicating to the external entity www.sedayuindogolf.com. Communication between these entities was seen 0 times. This external entity is rare in the organization as only 0 hosts within the organization accessed it. This external entity is also rare globally. This external entity was accessed using 1 distinct ports. Based on our machine learning models, this connection was flagged as suspicious,Unclassified,Mar 14th 2025 09:08:54,chrome.exe,19144,14188,C:\Program Files\Google\Chrome\Application\chrome.exe,"C:\Program Files\Google\Chrome\Application\chrome.exe"" --type=utility --utility-sub-type=network.mojom.NetworkService --lang=en-US --service-sandbox-type=none --no-pre-read-main-dll --field-trial-handle=2520, i, 4423878425887775756, 8288445788751006482, 262144 --variations-seed-version=20250311-180150.120000 --mojo-platform-channel-handle=2880 /prefetch:11",d97a27af4e98fba6d0cc2a85144c7fa51437bc2624ff07e6db4f3fcdca1cfa54,dbe43c1d0092437b88cff7bd9abc336c,Signed,Google LLC,Network Connections,chrome.exe,C:\Program Files\Google\Chrome\Application\chrome.exe,C:\Program Files\Google\Chrome\Application\chrome.exe,d97a27af4e98fba6d0cc2a85144c7fa51437bc2624ff07e6db4f3fcdca1cfa54,dbe43c1d0092437b88cff7bd9abc336c,Signed,Google LLC,AduUghqOn38AAFU0AAAAAA==,,,N/A,,,,,,,,,,172.16.77.112,61683,443,www.sedayuindogolf.com,ip, tcp, ssl, ssl,No,No,9ced80df-3d53-451a-852a-ee2cf6659a1e,TA0011 - Command and Control,T1095 - Non-Application Layer Protocol,,chrome.exe,"C:\Program Files\Google\Chrome\Application\chrome.exe"" --type=utility --utility-sub-type=network.mojom.NetworkService --lang=en-US --service-sandbox-type=none --no-pre-read-main-dll --field-trial-handle=2520, i, 4423878425887775756, 8288445788751006482, 262144 --variations-seed-version=20250311-180150.120000 --mojo-platform-channel-handle=2880 /prefetch:11",Signed,Google LLC,d97a27af4e98fba6d0cc2a85144c7fa51437bc2624ff07e6db4f3fcdca1cfa54,14188,19144,Windows 11 [10.0 (Build 22631)],,,,,c2da63d1-6900-493d-be7d-7bb50011ea27,,,,,,,,,,,,,,,,,,N/A,,No,No,No,,,,,,,,,,,,,,,,,New,,,,,,DT:NDR C2 Detection, EG:Non-IT Windows Workstation Group, DS:PANW/XDR Agent, EG:Windows Workstation,EG:Non-IT Windows Workstation Group, DS:PANW/XDR Agent, EG:Windows Workstation, DT:NDR C2 Detection,,,,,,,,,,,,,,,,,,,,,,,,,,,PANW,Fusion,,,,
11588868,Mar 14th 2025 09:02:11,172.16.85.60,142.171.142.138,BS2HONB05T21GAC,Windows,AAB\GAC,Low,,XDR Analytics BIOC,Detected,Command and Control,Abnormal Communication to a Rare Domain to a Suspicious Autonomous System (AS),The host BS2HONB05T21GAC was seen communicating to the external entity www.majalahteknikkonstruksi.com. Communication between these entities was seen 0 times. This external entity is rare in the organization as only 0 hosts within the organization accessed it. This external entity is also rare globally. This external entity was accessed using 0 distinct ports. Based on our machine learning models, this connection was flagged as suspicious,Unclassified,Mar 14th 2025 09:08:53,chrome.exe,17972,11584,C:\Program Files\Google\Chrome\Application\chrome.exe,"C:\Program Files\Google\Chrome\Application\chrome.exe"" --type=utility --utility-sub-type=network.mojom.NetworkService --lang=en-US --service-sandbox-type=none --no-pre-read-main-dll --field-trial-handle=2616, i, 4480835937869873112, 15960412166686698843, 262144 --variations-seed-version=20250313-050105.095000 --mojo-platform-channel-handle=2832 /prefetch:11",d97a27af4e98fba6d0cc2a85144c7fa51437bc2624ff07e6db4f3fcdca1cfa54,dbe43c1d0092437b88cff7bd9abc336c,Signed,Google LLC,Network Connections,chrome.exe,C:\Program Files\Google\Chrome\Application\chrome.exe,C:\Program Files\Google\Chrome\Application\chrome.exe,d97a27af4e98fba6d0cc2a85144c7fa51437bc2624ff07e6db4f3fcdca1cfa54,dbe43c1d0092437b88cff7bd9abc336c,Signed,Google LLC,AduUgBR/jLwAAAmEAAAAAA==,,,N/A,,,,,,,,,,172.16.85.60,49912,443,www.majalahteknikkonstruksi.com,ip, tcp, ssl, ssl,No,No,2f3239c4-ec31-41df-b1d1-7a438b728b09,TA0011 - Command and Control,T1095 - Non-Application Layer Protocol,,chrome.exe,"C:\Program Files\Google\Chrome\Application\chrome.exe"" --type=utility --utility-sub-type=network.mojom.NetworkService --lang=en-US --service-sandbox-type=none --no-pre-read-main-dll --field-trial-handle=2616, i, 4480835937869873112, 15960412166686698843, 262144 --variations-seed-version=20250313-050105.095000 --mojo-platform-channel-handle=2832 /prefetch:11",Signed,Google LLC,d97a27af4e98fba6d0cc2a85144c7fa51437bc2624ff07e6db4f3fcdca1cfa54,11584,17972,Windows 11 [10.0 (Build 22631)],,,,,c2da63d1-6900-493d-be7d-7bb50011ea27,,,,,,,,,,,,,,,,,,N/A,,No,No,No,,,,,,,,,,,,,,,,,New,,,,,,DT:NDR C2 Detection, EG:Non-IT Windows Workstation Group, DS:PANW/XDR Agent, EG:Windows Workstation,EG:Non-IT Windows Workstation Group, DS:PANW/XDR Agent, EG:Windows Workstation, DT:NDR C2 Detection,,,,,,,,,,,,,,,,,,,,,,,,,,,PANW,Fusion,,,,
11588155,Mar 14th 2025 08:37:17,172.16.88.70,153.92.13.125,SM2HONB08H12TDD,Windows,AAB\TDD,Low,,XDR Analytics BIOC,Detected,Command and Control,Abnormal Communication to a Rare Domain to a Suspicious Autonomous System (AS),The host SM2HONB08H12TDD was seen communicating to the external entity agus-hermanto.com. Communication between these entities was seen 0 times. This external entity is rare in the organization as only 0 hosts within the organization accessed it. This external entity is also rare globally. This external entity was accessed using 1 distinct ports. Based on our machine learning models, this connection was flagged as suspicious,Unclassified,Mar 14th 2025 08:40:44,chrome.exe,7232,17344,C:\Program Files\Google\Chrome\Application\chrome.exe,"C:\Program Files\Google\Chrome\Application\chrome.exe"" --type=utility --utility-sub-type=network.mojom.NetworkService --lang=en-US --service-sandbox-type=none --no-pre-read-main-dll --field-trial-handle=2824, i, 8714270727246108403, 7835620028105258644, 262144 --variations-seed-version=20250310-183403.171000 --mojo-platform-channel-handle=3044 /prefetch:11",ecf786a08c293459f761df6c2988ba80f20d808a0c82d82769e27170690fa1f7,0d76e4ae3af1225fdde758029b68aca4,Signed,Google LLC,Network Connections,chrome.exe,C:\Program Files\Google\Chrome\Application\chrome.exe,C:\Program Files\Google\Chrome\Application\chrome.exe,ecf786a08c293459f761df6c2988ba80f20d808a0c82d82769e27170690fa1f7,0d76e4ae3af1225fdde758029b68aca4,Signed,Google LLC,AduS6MbzIbkAAE6AAAAAAA==,,,N/A,,,,,,,,,,172.16.88.70,65409,443,agus-hermanto.com,ip, udp,No,No,ccc51d14-14ca-4594-a9d9-92a5d0c6ac4d,TA0011 - Command and Control,T1095 - Non-Application Layer Protocol,,chrome.exe,"C:\Program Files\Google\Chrome\Application\chrome.exe"" --type=utility --utility-sub-type=network.mojom.NetworkService --lang=en-US --service-sandbox-type=none --no-pre-read-main-dll --field-trial-handle=2824, i, 8714270727246108403, 7835620028105258644, 262144 --variations-seed-version=20250310-183403.171000 --mojo-platform-channel-handle=3044 /prefetch:11",Signed,Google LLC,ecf786a08c293459f761df6c2988ba80f20d808a0c82d82769e27170690fa1f7,17344,7232,Windows 11 [10.0 (Build 22631)],,,,,c2da63d1-6900-493d-be7d-7bb50011ea27,,,,,,,,,,,,,,,,,,N/A,,No,No,No,,,,,,,,,,,,,,,,,New,,,,,,DT:NDR C2 Detection, EG:Non-IT Windows Workstation Group, DS:PANW/XDR Agent, EG:Windows Workstation,EG:Non-IT Windows Workstation Group, DS:PANW/XDR Agent, EG:Windows Workstation, DT:NDR C2 Detection,,,,,,,,,,,,,,,,,,,,,,,,,,,PANW,Fusion,,,,,,
11587360,Mar 14th 2025 08:00:20,172.16.88.51,45.130.228.240,SM2HONB08H14KUM,Windows,AAB\KUM,Low,,XDR Analytics BIOC,Detected,Command and Control,Abnormal Communication to a Rare Domain to a Suspicious Autonomous System (AS),The host SM2HONB08H14KUM was seen communicating to the external entity www.membranesia.id. Communication between these entities was seen 0 times. This external entity is rare in the organization as only 0 hosts within the organization accessed it. This external entity is also rare globally. This external entity was accessed using 1 distinct ports. Based on our machine learning models, this connection was flagged as suspicious,Unclassified,Mar 14th 2025 08:10:58,chrome.exe,28268,21704,C:\Program Files\Google\Chrome\Application\chrome.exe,"C:\Program Files\Google\Chrome\Application\chrome.exe"" --type=utility --utility-sub-type=network.mojom.NetworkService --lang=en-US --service-sandbox-type=none --no-pre-read-main-dll --field-trial-handle=2692, i, 306922181376451802, 8773435363346977136, 262144 --variations-seed-version=20250312-184628.452000 --mojo-platform-channel-handle=2992 /prefetch:11",d97a27af4e98fba6d0cc2a85144c7fa51437bc2624ff07e6db4f3fcdca1cfa54,dbe43c1d0092437b88cff7bd9abc336c,Signed,Google LLC,Network Connections,chrome.exe,"C:\Program Files\Google\Chrome\Application\chrome.exe"" --profile-directory=""Profile 2",C:\Program Files\Google\Chrome\Application\chrome.exe,d97a27af4e98fba6d0cc2a85144c7fa51437bc2624ff07e6db4f3fcdca1cfa54,dbe43c1d0092437b88cff7bd9abc336c,Signed,Google LLC,AduUd/U/+QAAAG44AAAAAA==,,,N/A,,,,,,,,,,172.16.88.51,63204,443,www.membranesia.id,ip, udp,No,No,6da41aa7-9228-480f-8dc9-287cc8a93223,TA0011 - Command and Control,T1095 - Non-Application Layer Protocol,,chrome.exe,"C:\Program Files\Google\Chrome\Application\chrome.exe"" --type=utility --utility-sub-type=network.mojom.NetworkService --lang=en-US --service-sandbox-type=none --no-pre-read-main-dll --field-trial-handle=2692, i, 306922181376451802, 8773435363346977136, 262144 --variations-seed-version=20250312-184628.452000 --mojo-platform-channel-handle=2992 /prefetch:11",Signed,Google LLC,d97a27af4e98fba6d0cc2a85144c7fa51437bc2624ff07e6db4f3fcdca1cfa54,21704,28268,Windows 11 [10.0 (Build 22631)],,,,,c2da63d1-6900-493d-be7d-7bb50011ea27,,,,,,,,,,,,,,,,,,N/A,,No,No,No,,,,,,,,,,,,,,,,,New,,,,,,DT:NDR C2 Detection, EG:Non-IT Windows Workstation Group, DS:PANW/XDR Agent, EG:Windows Workstation,EG:Non-IT Windows Workstation Group, DS:PANW/XDR Agent, EG:Windows Workstation, DT:NDR C2 Detection,,,,,,,,,,,,,,,,,,,,,,,,,,,PANW,Fusion,,,,,,
11587364,Mar 14th 2025 08:00:13,172.16.88.51,153.92.13.4,SM2HONB08H14KUM,Windows,AAB\KUM,Low,,XDR Analytics BIOC,Detected,Command and Control,Abnormal Recurring Communications to a Rare Domain to a Suspicious Autonomous System (AS),The host SM2HONB08H14KUM was seen communicating to the external entity www.mortent.co.id. Communication between these entities was seen 5 times. This external entity is rare in the organization as only 1 hosts within the organization accessed it. This external entity is also rare globally. This external entity was accessed using 1 distinct ports. Based on our machine learning models, this connection was flagged as suspicious,Unclassified,Mar 14th 2025 08:11:02,chrome.exe,28268,21704,C:\Program Files\Google\Chrome\Application\chrome.exe,"C:\Program Files\Google\Chrome\Application\chrome.exe"" --type=utility --utility-sub-type=network.mojom.NetworkService --lang=en-US --service-sandbox-type=none --no-pre-read-main-dll --field-trial-handle=2692, i, 306922181376451802, 8773435363346977136, 262144 --variations-seed-version=20250312-184628.452000 --mojo-platform-channel-handle=2992 /prefetch:11",d97a27af4e98fba6d0cc2a85144c7fa51437bc2624ff07e6db4f3fcdca1cfa54,dbe43c1d0092437b88cff7bd9abc336c,Signed,Google LLC,Network Connections,chrome.exe,"C:\Program Files\Google\Chrome\Application\chrome.exe"" --profile-directory=""Profile 2",C:\Program Files\Google\Chrome\Application\chrome.exe,d97a27af4e98fba6d0cc2a85144c7fa51437bc2624ff07e6db4f3fcdca1cfa54,dbe43c1d0092437b88cff7bd9abc336c,Signed,Google LLC,AduUd/U/+QAAAG44AAAAAA==,,,N/A,,,,,,,,,,172.16.88.51,52666,443,www.mortent.co.id,ip, tcp, ssl, ssl,No,No,d3514624-c01c-4638-a2ca-68931ffdf673,TA0011 - Command and Control,T1095 - Non-Application Layer Protocol,,chrome.exe,"C:\Program Files\Google\Chrome\Application\chrome.exe"" --type=utility --utility-sub-type=network.mojom.NetworkService --lang=en-US --service-sandbox-type=none --no-pre-read-main-dll --field-trial-handle=2692, i, 306922181376451802, 8773435363346977136, 262144 --variations-seed-version=20250312-184628.452000 --mojo-platform-channel-handle=2992 /prefetch:11",Signed,Google LLC,d97a27af4e98fba6d0cc2a85144c7fa51437bc2624ff07e6db4f3fcdca1cfa54,21704,28268,Windows 11 [10.0 (Build 22631)],,,,,c2dbeac4-65ca-4776-a8e0-a04767923820,,,,,,,,,,,,,,,,,,N/A,,No,No,No,,,,,,,,,,,,,,,,,New,,,,,,DT:NDR C2 Detection, EG:Non-IT Windows Workstation Group, DS:PANW/XDR Agent, EG:Windows Workstation,EG:Non-IT Windows Workstation Group, DS:PANW/XDR Agent, EG:Windows Workstation, DT:NDR C2 Detection,,,,,,,,,,,,,,,,,,,,,,,,,,,PANW,Fusion,,,,
11587012,Mar 14th 2025 07:49:37,192.168.100.6,203.194.112.69,SM2SMGNBT32YMW,Windows,AAB\YMW,Low,,XDR Analytics BIOC,Detected,Command and Control,Abnormal Recurring Communications to a Rare Domain to a Suspicious Autonomous System (AS),The host SM2SMGNBT32YMW was seen communicating to the external entity portal.echoreach.id. Communication between these entities was seen 25 times. This external entity is rare in the organization as only 2 hosts within the organization accessed it. This external entity is also rare globally. This external entity was accessed using 2 distinct ports. Based on our machine learning models, this connection was flagged as suspicious,Unclassified,Mar 14th 2025 07:53:07,chrome.exe,,24468,C:\Program Files\Google\Chrome\Application\chrome.exe,"C:\Program Files\Google\Chrome\Application\chrome.exe"" --type=utility --utility-sub-type=network.mojom.NetworkService --lang=id --service-sandbox-type=none --no-pre-read-main-dll --field-trial-handle=2828, i, 6494959928654493007, 11549891114356318073, 262144 --variations-seed-version=20250312-184628.452000 --mojo-platform-channel-handle=2956 /prefetch:11",d97a27af4e98fba6d0cc2a85144c7fa51437bc2624ff07e6db4f3fcdca1cfa54,dbe43c1d0092437b88cff7bd9abc336c,Signed,Google LLC,Network Connections,chrome.exe,C:\Program Files\Google\Chrome\Application\chrome.exe,C:\Program Files\Google\Chrome\Application\chrome.exe,ecf786a08c293459f761df6c2988ba80f20d808a0c82d82769e27170690fa1f7,0d76e4ae3af1225fdde758029b68aca4,Signed,Google LLC,AduUeraWDJgAACrUAAAAAA==,,,N/A,,,,,,,,,,192.168.100.6,50656,443,portal.echoreach.id,ip, tcp, ssl, ssl,No,No,e1ac65ae-25b7-4124-9a22-6dd6fb7a7e3c,TA0011 - Command and Control,T1095 - Non-Application Layer Protocol,,chrome.exe,"C:\Program Files\Google\Chrome\Application\chrome.exe"" --type=utility --utility-sub-type=network.mojom.NetworkService --lang=id --service-sandbox-type=none --no-pre-read-main-dll --field-trial-handle=2828, i, 6494959928654493007, 11549891114356318073, 262144 --variations-seed-version=20250312-184628.452000 --mojo-platform-channel-handle=2956 /prefetch:11",Signed,Google LLC,d97a27af4e98fba6d0cc2a85144c7fa51437bc2624ff07e6db4f3fcdca1cfa54,24468,,Windows 11 [10.0 (Build 22631)],,,,,c2dbeac4-65ca-4776-a8e0-a04767923820,,,,,,,,,,,,,,,,,,N/A,,No,No,No,,,,,,,,,,,,,,,,,New,,,,,,DT:NDR C2 Detection, EG:Non-IT Windows Workstation Group, DS:PANW/XDR Agent, EG:Windows Workstation,EG:Non-IT Windows Workstation Group, DS:PANW/XDR Agent, EG:Windows Workstation, DT:NDR C2 Detection,,,,,,,,,,,,,,,,,,,,,,,,,,,PANW,Fusion,,,,
11584883,Mar 14th 2025 05:34:11,192.168.123.36, 10.242.128.223,103.139.175.54,SM2HONB06O15SFO,Windows,AAB\SFO,Low,,XDR Analytics BIOC,Detected,Command and Control,Abnormal Recurring Communications to a Rare Domain to a Suspicious Autonomous System (AS),The host SM2HONB06O15SFO was seen communicating to the external entity ppdb.man2tanahdatar.sch.id. Communication between these entities was seen 13 times. This external entity is rare in the organization as only 0 hosts within the organization accessed it. This external entity is also rare globally. This external entity was accessed using 1 distinct ports. Based on our machine learning models, this connection was flagged as suspicious,Unclassified,Mar 14th 2025 05:38:18,msedge.exe,2788,7020,C:\Program Files (x86)\Microsoft\Edge\Application\msedge.exe,"C:\Program Files (x86)\Microsoft\Edge\Application\msedge.exe"" --type=utility --utility-sub-type=network.mojom.NetworkService --lang=en-US --service-sandbox-type=none --no-pre-read-main-dll --always-read-main-dll --field-trial-handle=3260, i, 14100410477474947834, 6690852563846578008, 262144 --variations-seed-version --mojo-platform-channel-handle=3356 /prefetch:11",34bb1d5acb52826ba1ed1e0f01c8d4220ae4db5fdfb97a203eabe712948f4934,6cc4d44ced76ebb1ade8dba7ef665c0b,Signed,Microsoft Corporation,Network Connections,msedge.exe,"C:\Program Files (x86)\Microsoft\Edge\Application\msedge.exe"" --no-startup-window --win-session-start",C:\Program Files (x86)\Microsoft\Edge\Application\msedge.exe,34bb1d5acb52826ba1ed1e0f01c8d4220ae4db5fdfb97a203eabe712948f4934,6cc4d44ced76ebb1ade8dba7ef665c0b,Signed,Microsoft Corporation,AduT/dPznxYAAEb8AAAAAA==,,,N/A,,,,,,,,,,192.168.123.36,50070,443,ppdb.man2tanahdatar.sch.id,ip, tcp, ssl, ssl,No,No,8a3eb222-abfc-4fc2-b744-a642ed10aa90,TA0011 - Command and Control,T1095 - Non-Application Layer Protocol,,msedge.exe,"C:\Program Files (x86)\Microsoft\Edge\Application\msedge.exe"" --type=utility --utility-sub-type=network.mojom.NetworkService --lang=en-US --service-sandbox-type=none --no-pre-read-main-dll --always-read-main-dll --field-trial-handle=3260, i, 14100410477474947834, 6690852563846578008, 262144 --variations-seed-version --mojo-platform-channel-handle=3356 /prefetch:11",Signed,Microsoft Corporation,34bb1d5acb52826ba1ed1e0f01c8d4220ae4db5fdfb97a203eabe712948f4934,7020,2788,Windows 11 [10.0 (Build 22631)],,,,,c2dbeac4-65ca-4776-a8e0-a04767923820,,,,,,,,,,,,,,,,,,N/A,,No,No,No,,,,,,,,,,,,,,,,,New,,,,,,DT:NDR C2 Detection, EG:Non-IT Windows Workstation Group, DS:PANW/XDR Agent, EG:Windows Workstation,EG:Non-IT Windows Workstation Group, DS:PANW/XDR Agent, EG:Windows Workstation, DT:NDR C2 Detection,,,,,,,,,,,,,,,,,,,,,,,,,,,PANW,Fusion,,,
11584882,Mar 14th 2025 05:34:11,192.168.123.36, 10.242.128.223,103.139.175.54,SM2HONB06O15SFO,Windows,AAB\SFO,Low,,XDR Analytics BIOC,Detected,Command and Control,Abnormal Communication to a Rare Domain to a Suspicious Autonomous System (AS),The host SM2HONB06O15SFO was seen communicating to the external entity ppdb.man2tanahdatar.sch.id. Communication between these entities was seen 13 times. This external entity is rare in the organization as only 0 hosts within the organization accessed it. This external entity is also rare globally. This external entity was accessed using 1 distinct ports. Based on our machine learning models, this connection was flagged as suspicious,Unclassified,Mar 14th 2025 05:38:18,msedge.exe,2788,7020,C:\Program Files (x86)\Microsoft\Edge\Application\msedge.exe,"C:\Program Files (x86)\Microsoft\Edge\Application\msedge.exe"" --type=utility --utility-sub-type=network.mojom.NetworkService --lang=en-US --service-sandbox-type=none --no-pre-read-main-dll --always-read-main-dll --field-trial-handle=3260, i, 14100410477474947834, 6690852563846578008, 262144 --variations-seed-version --mojo-platform-channel-handle=3356 /prefetch:11",34bb1d5acb52826ba1ed1e0f01c8d4220ae4db5fdfb97a203eabe712948f4934,6cc4d44ced76ebb1ade8dba7ef665c0b,Signed,Microsoft Corporation,Network Connections,msedge.exe,"C:\Program Files (x86)\Microsoft\Edge\Application\msedge.exe"" --no-startup-window --win-session-start",C:\Program Files (x86)\Microsoft\Edge\Application\msedge.exe,34bb1d5acb52826ba1ed1e0f01c8d4220ae4db5fdfb97a203eabe712948f4934,6cc4d44ced76ebb1ade8dba7ef665c0b,Signed,Microsoft Corporation,AduT/dPznxYAAEb8AAAAAA==,,,N/A,,,,,,,,,,192.168.123.36,50070,443,ppdb.man2tanahdatar.sch.id,ip, tcp, ssl, ssl,No,No,9fb7b460-60e5-4394-b3f0-f4bed9a816f7,TA0011 - Command and Control,T1095 - Non-Application Layer Protocol,,msedge.exe,"C:\Program Files (x86)\Microsoft\Edge\Application\msedge.exe"" --type=utility --utility-sub-type=network.mojom.NetworkService --lang=en-US --service-sandbox-type=none --no-pre-read-main-dll --always-read-main-dll --field-trial-handle=3260, i, 14100410477474947834, 6690852563846578008, 262144 --variations-seed-version --mojo-platform-channel-handle=3356 /prefetch:11",Signed,Microsoft Corporation,34bb1d5acb52826ba1ed1e0f01c8d4220ae4db5fdfb97a203eabe712948f4934,7020,2788,Windows 11 [10.0 (Build 22631)],,,,,c2da63d1-6900-493d-be7d-7bb50011ea27,,,,,,,,,,,,,,,,,,N/A,,No,No,No,,,,,,,,,,,,,,,,,New,,,,,,DT:NDR C2 Detection, EG:Non-IT Windows Workstation Group, DS:PANW/XDR Agent, EG:Windows Workstation,EG:Non-IT Windows Workstation Group, DS:PANW/XDR Agent, EG:Windows Workstation, DT:NDR C2 Detection,,,,,,,,,,,,,,,,,,,,,,,,,,,PANW,Fusion,,,
11583349,Mar 14th 2025 03:43:33,192.168.100.54,23.106.54.152,BS2HONB07F32EHU,Windows,AAB\EHU,Low,,XDR Analytics BIOC,Detected,Command and Control,Abnormal Recurring Communications to a Rare Domain to a Suspicious Autonomous System (AS),The host BS2HONB07F32EHU was seen communicating to the external entity orbito.online. Communication between these entities was seen 76 times. This external entity is rare in the organization as only 0 hosts within the organization accessed it. This external entity is also rare globally. This external entity was accessed using 1 distinct ports. Based on our machine learning models, this connection was flagged as suspicious,Unclassified,Mar 14th 2025 03:48:53,chrome.exe,,14088,C:\Program Files\Google\Chrome\Application\chrome.exe,"C:\Program Files\Google\Chrome\Application\chrome.exe"" --type=utility --utility-sub-type=network.mojom.NetworkService --lang=en-US --service-sandbox-type=none --no-pre-read-main-dll --field-trial-handle=2736, i, 13394762710034358870, 15995232081360235753, 262144 --variations-seed-version=20250312-184628.452000 --mojo-platform-channel-handle=3000 /prefetch:11",d97a27af4e98fba6d0cc2a85144c7fa51437bc2624ff07e6db4f3fcdca1cfa54,dbe43c1d0092437b88cff7bd9abc336c,Signed,Google LLC,Network Connections,chrome.exe,"C:\Program Files\Google\Chrome\Application\chrome.exe"" --incognito",C:\Program Files\Google\Chrome\Application\chrome.exe,d97a27af4e98fba6d0cc2a85144c7fa51437bc2624ff07e6db4f3fcdca1cfa54,dbe43c1d0092437b88cff7bd9abc336c,Signed,Google LLC,AduUUyI9MJoAACocAAAAAA==,,,N/A,,,,,,,,,,192.168.100.54,62122,443,orbito.online,ip, tcp, ssl, ssl,No,No,2cf48878-2def-47f8-ad09-142db64ae505,TA0011 - Command and Control,T1095 - Non-Application Layer Protocol,,chrome.exe,"C:\Program Files\Google\Chrome\Application\chrome.exe"" --type=utility --utility-sub-type=network.mojom.NetworkService --lang=en-US --service-sandbox-type=none --no-pre-read-main-dll --field-trial-handle=2736, i, 13394762710034358870, 15995232081360235753, 262144 --variations-seed-version=20250312-184628.452000 --mojo-platform-channel-handle=3000 /prefetch:11",Signed,Google LLC,d97a27af4e98fba6d0cc2a85144c7fa51437bc2624ff07e6db4f3fcdca1cfa54,14088,,Windows 11 [10.0 (Build 22631)],,,,,c2dbeac4-65ca-4776-a8e0-a04767923820,,,,,,,,,,,,,,,,,,N/A,,No,No,No,,,,,,,,,,,,,,,,,New,,,,,,DT:NDR C2 Detection, EG:Non-IT Windows Workstation Group, DS:PANW/XDR Agent, EG:Windows Workstation,EG:Non-IT Windows Workstation Group, DS:PANW/XDR Agent, EG:Windows Workstation, DT:NDR C2 Detection,,,,,,,,,,,,,,,,,,,,,,,,,,,PANW,Fusion,,,,
11583091,Mar 14th 2025 03:24:08,172.16.92.73,103.153.3.9,SM2HONB17D34MCT,Windows,AAB\MCT,Low,,XDR Analytics BIOC,Detected,Command and Control,Abnormal Communication to a Rare Domain to a Suspicious Autonomous System (AS),The host SM2HONB17D34MCT was seen communicating to the external entity tokmovie21.com. Communication between these entities was seen 0 times. This external entity is rare in the organization as only 0 hosts within the organization accessed it. This external entity is also rare globally. This external entity was accessed using 0 distinct ports. Based on our machine learning models, this connection was flagged as suspicious,Unclassified,Mar 14th 2025 03:28:52,chrome.exe,,20904,C:\Program Files\Google\Chrome\Application\chrome.exe,"C:\Program Files\Google\Chrome\Application\chrome.exe"" --type=utility --utility-sub-type=network.mojom.NetworkService --lang=id --service-sandbox-type=none --no-pre-read-main-dll --metrics-shmem-handle=2476, i, 13396728113543937602, 13902221635549414898, 524288 --field-trial-handle=3016, i, 12741952871590204339, 11861356605540679208, 262144 --variations-seed-version=20250310-183403.171000 --mojo-platform-channel-handle=3140 /prefetch:11",cda72cb0a2ab4e13718035d94a71b17d3379081b3e437d26b9aeddcb0662bdac,e81f54e6c1129887aea47e7d092680bf,Signed,Google LLC,Network Connections,chrome.exe,C:\Program Files\Google\Chrome\Application\chrome.exe,C:\Program Files\Google\Chrome\Application\chrome.exe,cda72cb0a2ab4e13718035d94a71b17d3379081b3e437d26b9aeddcb0662bdac,e81f54e6c1129887aea47e7d092680bf,Signed,Google LLC,AduSY+yMng0AAD94AAAAAA==,,,N/A,,,,,,,,,,172.16.92.73,63384,443,tokmovie21.com,ip, tcp, ssl, ssl,No,No,212b1258-14e8-4277-b1a8-29b81294f30a,TA0011 - Command and Control,T1095 - Non-Application Layer Protocol,,chrome.exe,"C:\Program Files\Google\Chrome\Application\chrome.exe"" --type=utility --utility-sub-type=network.mojom.NetworkService --lang=id --service-sandbox-type=none --no-pre-read-main-dll --metrics-shmem-handle=2476, i, 13396728113543937602, 13902221635549414898, 524288 --field-trial-handle=3016, i, 12741952871590204339, 11861356605540679208, 262144 --variations-seed-version=20250310-183403.171000 --mojo-platform-channel-handle=3140 /prefetch:11",Signed,Google LLC,cda72cb0a2ab4e13718035d94a71b17d3379081b3e437d26b9aeddcb0662bdac,20904,,Windows 11 [10.0 (Build 22631)],,,,,c2da63d1-6900-493d-be7d-7bb50011ea27,,,,,,,,,,,,,,,,,,N/A,,No,No,No,,,,,,,,,,,,,,,,,New,,,,,,EG:IT Group, DT:NDR C2 Detection, DS:PANW/XDR Agent, EG:Windows Workstation,DS:PANW/XDR Agent, EG:IT Group, EG:Windows Workstation, DT:NDR C2 Detection,,,,,,,,,,,,,,,,,,,,,,,,,,,PANW,Fusion,,,,
11578465,Mar 13th 2025 22:12:19,192.168.100.225,194.163.41.58,SM2HONB02C31MPM,Windows,AAB\MPM,Low,,XDR Analytics BIOC,Detected,Command and Control,Abnormal Communication to a Rare Domain to a Suspicious Autonomous System (AS),The host SM2HONB02C31MPM was seen communicating to the external entity www.nib.co.id. Communication between these entities was seen 0 times. This external entity is rare in the organization as only 0 hosts within the organization accessed it. This external entity is also rare globally. This external entity was accessed using 0 distinct ports. Based on our machine learning models, this connection was flagged as suspicious,Unclassified,Mar 13th 2025 22:16:20,chrome.exe,22392,18712,C:\Program Files\Google\Chrome\Application\chrome.exe,"C:\Program Files\Google\Chrome\Application\chrome.exe"" --type=utility --utility-sub-type=network.mojom.NetworkService --lang=en-US --service-sandbox-type=none --no-pre-read-main-dll --field-trial-handle=2524, i, 4030315642688357066, 6815290757655169847, 262144 --variations-seed-version=20250311-180150.120000 --mojo-platform-channel-handle=2800 /prefetch:3",d97a27af4e98fba6d0cc2a85144c7fa51437bc2624ff07e6db4f3fcdca1cfa54,dbe43c1d0092437b88cff7bd9abc336c,Signed,Google LLC,Network Connections,chrome_proxy.exe,"C:\Program Files\Google\Chrome\Application\chrome_proxy.exe""  --profile-directory=Default --app-id=hnpfjngllnobngcgfapefoaidbinmjnm",C:\Program Files\Google\Chrome\Application\chrome_proxy.exe,233398b57afeadbccca093d76f01c71a7fa4c5f6a28d9f0af835150692423694,7b75036391b872b8acf4074fa909164a,Signed,Google LLC,AduTyqkNOYgAABSgAAAAAA==,,,N/A,,,,,,,,,,192.168.100.225,51997,443,www.nib.co.id,ip, tcp, ssl, ssl,No,No,7c9f4f78-0e26-4d41-8d83-39d683eb8e94,TA0011 - Command and Control,T1095 - Non-Application Layer Protocol,,chrome.exe,"C:\Program Files\Google\Chrome\Application\chrome.exe"" --type=utility --utility-sub-type=network.mojom.NetworkService --lang=en-US --service-sandbox-type=none --no-pre-read-main-dll --field-trial-handle=2524, i, 4030315642688357066, 6815290757655169847, 262144 --variations-seed-version=20250311-180150.120000 --mojo-platform-channel-handle=2800 /prefetch:3",Signed,Google LLC,d97a27af4e98fba6d0cc2a85144c7fa51437bc2624ff07e6db4f3fcdca1cfa54,18712,22392,Windows 10 [10.0 (Build 19045)],,,,,c2da63d1-6900-493d-be7d-7bb50011ea27,,,,,,,,,,,,,,,,,,N/A,,No,No,No,,,,,,,,,,,,,,,,,New,,,,,,DT:NDR C2 Detection, EG:Non-IT Windows Workstation Group, DS:PANW/XDR Agent, EG:Windows Workstation,EG:Non-IT Windows Workstation Group, DS:PANW/XDR Agent, EG:Windows Workstation, DT:NDR C2 Detection,,,,,,,,,,,,,,,,,,,,,,,,,,,PANW,Fusion,,,,
11578359,Mar 13th 2025 22:01:18,192.168.100.175,103.145.227.179,SM3HONB04R34ATK,Windows,AAB\ATK,Low,,XDR Analytics BIOC,Detected,Command and Control,Abnormal Communication to a Rare Domain to a Suspicious Autonomous System (AS),The host SM3HONB04R34ATK was seen communicating to the external entity www.perlindungankeluargaku.com. Communication between these entities was seen 0 times. This external entity is rare in the organization as only 1 hosts within the organization accessed it. This external entity is also rare globally. This external entity was accessed using 1 distinct ports. Based on our machine learning models, this connection was flagged as suspicious,Unclassified,Mar 13th 2025 22:07:56,chrome.exe,9476,2784,C:\Program Files\Google\Chrome\Application\chrome.exe,"C:\Program Files\Google\Chrome\Application\chrome.exe"" --type=utility --utility-sub-type=network.mojom.NetworkService --lang=en-US --service-sandbox-type=none --no-pre-read-main-dll --field-trial-handle=2492, i, 1435795323444296961, 11739743460014480540, 262144 --variations-seed-version=20250311-180150.120000 --mojo-platform-channel-handle=2544 /prefetch:11",d97a27af4e98fba6d0cc2a85144c7fa51437bc2624ff07e6db4f3fcdca1cfa54,dbe43c1d0092437b88cff7bd9abc336c,Signed,Google LLC,Network Connections,chrome.exe,C:\Program Files\Google\Chrome\Application\chrome.exe,C:\Program Files\Google\Chrome\Application\chrome.exe,d97a27af4e98fba6d0cc2a85144c7fa51437bc2624ff07e6db4f3fcdca1cfa54,dbe43c1d0092437b88cff7bd9abc336c,Signed,Google LLC,AduUFXIP9TMAAA5cAAAAAA==,,,N/A,,,,,,,,,,192.168.100.175,62527,443,www.perlindungankeluargaku.com,ip, tcp, ssl, ssl,No,No,27f1baf1-2126-4535-ab6a-eac98cf676a4,TA0011 - Command and Control,T1095 - Non-Application Layer Protocol,,chrome.exe,"C:\Program Files\Google\Chrome\Application\chrome.exe"" --type=utility --utility-sub-type=network.mojom.NetworkService --lang=en-US --service-sandbox-type=none --no-pre-read-main-dll --field-trial-handle=2492, i, 1435795323444296961, 11739743460014480540, 262144 --variations-seed-version=20250311-180150.120000 --mojo-platform-channel-handle=2544 /prefetch:11",Signed,Google LLC,d97a27af4e98fba6d0cc2a85144c7fa51437bc2624ff07e6db4f3fcdca1cfa54,2784,9476,Windows 11 [10.0 (Build 22631)],,,,,c2da63d1-6900-493d-be7d-7bb50011ea27,,,,,,,,,,,,,,,,,,N/A,,No,No,No,,,,,,,,,,,,,,,,,New,,,,,,DT:NDR C2 Detection, EG:Non-IT Windows Workstation Group, DS:PANW/XDR Agent, EG:Windows Workstation,EG:Non-IT Windows Workstation Group, DS:PANW/XDR Agent, EG:Windows Workstation, DT:NDR C2 Detection,,,,,,,,,,,,,,,,,,,,,,,,,,,PANW,Fusion,,,,
11577095,Mar 13th 2025 20:35:06,172.16.175.37,203.175.9.166,SM2NBLPGP00SGE,Windows,AAB\SGE,Low,,XDR Analytics BIOC,Detected,Command and Control,Abnormal Communication to a Rare Domain to a Suspicious Autonomous System (AS),The host SM2NBLPGP00SGE was seen communicating to the external entity casaderamos.id. Communication between these entities was seen 0 times. This external entity is rare in the organization as only 1 hosts within the organization accessed it. This external entity is also rare globally. This external entity was accessed using 1 distinct ports. Based on our machine learning models, this connection was flagged as suspicious,Unclassified,Mar 13th 2025 20:41:16,chrome.exe,12016,11752,C:\Program Files\Google\Chrome\Application\chrome.exe,"C:\Program Files\Google\Chrome\Application\chrome.exe"" --type=utility --utility-sub-type=network.mojom.NetworkService --lang=en-US --service-sandbox-type=none --no-pre-read-main-dll --field-trial-handle=2708, i, 10900699077729544712, 9986622086409457005, 262144 --variations-seed-version=20250310-050254.918000 --mojo-platform-channel-handle=2736 /prefetch:3",cda72cb0a2ab4e13718035d94a71b17d3379081b3e437d26b9aeddcb0662bdac,e81f54e6c1129887aea47e7d092680bf,Signed,Google LLC,Network Connections,chrome.exe,"C:\Program Files\Google\Chrome\Application\chrome.exe"" --profile-directory=""Default",C:\Program Files\Google\Chrome\Application\chrome.exe,cda72cb0a2ab4e13718035d94a71b17d3379081b3e437d26b9aeddcb0662bdac,e81f54e6c1129887aea47e7d092680bf,Signed,Google LLC,AduSUpk53WQAACxoAAAAAA==,,,N/A,,,,,,,,,,172.16.175.37,61664,443,casaderamos.id,ip, udp,No,No,ac501d60-8ba9-4ae3-863d-ba6d6e1797cc,TA0011 - Command and Control,T1095 - Non-Application Layer Protocol,,chrome.exe,"C:\Program Files\Google\Chrome\Application\chrome.exe"" --type=utility --utility-sub-type=network.mojom.NetworkService --lang=en-US --service-sandbox-type=none --no-pre-read-main-dll --field-trial-handle=2708, i, 10900699077729544712, 9986622086409457005, 262144 --variations-seed-version=20250310-050254.918000 --mojo-platform-channel-handle=2736 /prefetch:3",Signed,Google LLC,cda72cb0a2ab4e13718035d94a71b17d3379081b3e437d26b9aeddcb0662bdac,11752,12016,Windows 10 [10.0 (Build 19045)],,,,,c2da63d1-6900-493d-be7d-7bb50011ea27,,,,,,,,,,,,,,,,,,N/A,,No,No,No,,,,,,,,,,,,,,,,,New,,,,,,DT:NDR C2 Detection, EG:Non-IT Windows Workstation Group, DS:PANW/XDR Agent, EG:Windows Workstation,EG:Non-IT Windows Workstation Group, DS:PANW/XDR Agent, EG:Windows Workstation, DT:NDR C2 Detection,,,,,,,,,,,,,,,,,,,,,,,,,,,PANW,Fusion,,,,,,
11576910,Mar 13th 2025 20:21:55,10.242.128.61, 192.168.110.46,153.92.9.40,SM2HONB17D30BNS,Windows,AAB\BNS,Low,,XDR Analytics BIOC,Detected,Command and Control,Abnormal Communication to a Rare Domain to a Suspicious Autonomous System (AS),The host SM2HONB17D30BNS was seen communicating to the external entity www.bloomreef.com. Communication between these entities was seen 605 times. This external entity is rare in the organization as only 1 hosts within the organization accessed it. This external entity is also rare globally. This external entity was accessed using 3 distinct ports. Based on our machine learning models, this connection was flagged as suspicious,Unclassified,Mar 13th 2025 20:28:01,chrome.exe,23776,13388,C:\Program Files\Google\Chrome\Application\chrome.exe,"C:\Program Files\Google\Chrome\Application\chrome.exe"" --type=utility --utility-sub-type=network.mojom.NetworkService --lang=en-US --service-sandbox-type=none --no-pre-read-main-dll --field-trial-handle=2628, i, 2126516016947403934, 16399430447025048251, 262144 --variations-seed-version=20250312-184628.452000 --mojo-platform-channel-handle=2864 /prefetch:11",d97a27af4e98fba6d0cc2a85144c7fa51437bc2624ff07e6db4f3fcdca1cfa54,dbe43c1d0092437b88cff7bd9abc336c,Signed,Google LLC,Network Connections,chrome.exe,C:\Program Files\Google\Chrome\Application\chrome.exe,C:\Program Files\Google\Chrome\Application\chrome.exe,d97a27af4e98fba6d0cc2a85144c7fa51437bc2624ff07e6db4f3fcdca1cfa54,dbe43c1d0092437b88cff7bd9abc336c,Signed,Google LLC,AduUGY+d5RUAAEVYAAAAAA==,,,N/A,,,,,,,,,,192.168.110.46,62037,443,www.bloomreef.com,ip, udp,No,No,5fccbff4-49a6-46f9-be55-45655d4e0a97,TA0011 - Command and Control,T1095 - Non-Application Layer Protocol,,chrome.exe,"C:\Program Files\Google\Chrome\Application\chrome.exe"" --type=utility --utility-sub-type=network.mojom.NetworkService --lang=en-US --service-sandbox-type=none --no-pre-read-main-dll --field-trial-handle=2628, i, 2126516016947403934, 16399430447025048251, 262144 --variations-seed-version=20250312-184628.452000 --mojo-platform-channel-handle=2864 /prefetch:11",Signed,Google LLC,d97a27af4e98fba6d0cc2a85144c7fa51437bc2624ff07e6db4f3fcdca1cfa54,13388,23776,Windows 11 [10.0 (Build 22631)],,,,,c2da63d1-6900-493d-be7d-7bb50011ea27,,,,,,,,,,,,,,,,,,N/A,,No,No,No,,,,,,,,,,,,,,,,,New,,,,,,EG:IT Group, DT:NDR C2 Detection, DS:PANW/XDR Agent, EG:Windows Workstation,DS:PANW/XDR Agent, EG:IT Group, EG:Windows Workstation, DT:NDR C2 Detection,,,,,,,,,,,,,,,,,,,,,,,,,,,PANW,Fusion,,,,,
11576599,Mar 13th 2025 20:00:27,192.168.0.170,89.116.122.34,SM2HONB03T10CDP,Windows,AAB\CDP,Low,,XDR Analytics BIOC,Detected,Command and Control,Abnormal Recurring Communications to a Rare Domain to a Suspicious Autonomous System (AS),The host SM2HONB03T10CDP was seen communicating to the external entity api.beprofesion.com. Communication between these entities was seen 121 times. This external entity is rare in the organization as only 3 hosts within the organization accessed it. This external entity is also rare globally. This external entity was accessed using 1 distinct ports. Based on our machine learning models, this connection was flagged as suspicious,Unclassified,Mar 13th 2025 20:04:31,chrome.exe,20060,11480,C:\Program Files\Google\Chrome\Application\chrome.exe,"C:\Program Files\Google\Chrome\Application\chrome.exe"" --type=utility --utility-sub-type=network.mojom.NetworkService --lang=en-US --service-sandbox-type=none --no-pre-read-main-dll --field-trial-handle=2636, i, 8678244514826346368, 5082696772049206498, 262144 --variations-seed-version=20250312-184628.452000 --mojo-platform-channel-handle=2728 /prefetch:11",d97a27af4e98fba6d0cc2a85144c7fa51437bc2624ff07e6db4f3fcdca1cfa54,dbe43c1d0092437b88cff7bd9abc336c,Signed,Google LLC,Network Connections,chrome.exe,"C:\Program Files\Google\Chrome\Application\chrome.exe"" --profile-directory=""Default",C:\Program Files\Google\Chrome\Application\chrome.exe,d97a27af4e98fba6d0cc2a85144c7fa51437bc2624ff07e6db4f3fcdca1cfa54,dbe43c1d0092437b88cff7bd9abc336c,Signed,Google LLC,AduUF3pl344AAApMAAAAAA==,,,N/A,,,,,,,,,,192.168.0.170,52480,443,api.beprofesion.com,ip, tcp, ssl, ssl,No,No,d9b86ecf-8302-4d1d-8dde-010c734c6da2,TA0011 - Command and Control,T1095 - Non-Application Layer Protocol,,chrome.exe,"C:\Program Files\Google\Chrome\Application\chrome.exe"" --type=utility --utility-sub-type=network.mojom.NetworkService --lang=en-US --service-sandbox-type=none --no-pre-read-main-dll --field-trial-handle=2636, i, 8678244514826346368, 5082696772049206498, 262144 --variations-seed-version=20250312-184628.452000 --mojo-platform-channel-handle=2728 /prefetch:11",Signed,Google LLC,d97a27af4e98fba6d0cc2a85144c7fa51437bc2624ff07e6db4f3fcdca1cfa54,11480,20060,Windows 11 [10.0 (Build 22631)],,,,,c2dbeac4-65ca-4776-a8e0-a04767923820,,,,,,,,,,,,,,,,,,N/A,,No,No,No,,,,,,,,,,,,,,,,,New,,,,,,DT:NDR C2 Detection, EG:Non-IT Windows Workstation Group, DS:PANW/XDR Agent, EG:Windows Workstation,EG:Non-IT Windows Workstation Group, DS:PANW/XDR Agent, EG:Windows Workstation, DT:NDR C2 Detection,,,,,,,,,,,,,,,,,,,,,,,,,,,PANW,Fusion,,,,
